;Key;annee;cluster
0;Alvin Gentry;2019;0
1;Billy Donovan;2019;0
2;Billy Donovan;2021;1
3;Brad Stevens;2019;3
4;Brad Stevens;2021;1
5;Brett Brown;2019;0
6;Chris Finch;2021;4
7;Dave Joerger;2019;2
8;David Fizdale;2019;4
9;Doc Rivers;2019;0
10;Doc Rivers;2021;1
11;Dwane Casey;2019;3
12;Dwane Casey;2021;1
13;Erik Spoelstra;2019;3
14;Erik Spoelstra;2021;1
15;Frank Vogel;2021;1
16;Gregg Popovich;2019;0
17;Gregg Popovich;2021;4
18;Igor Kokoskov;2019;4
19;J.B. Bickerstaff;2019;3
20;J.B. Bickerstaff;2021;1
21;James Borrego;2019;3
22;James Borrego;2021;1
23;Jim Boylen;2019;4
24;Kenny Atkinson;2019;0
25;Larry Drew;2019;4
26;Lloyd Pierce;2019;2
27;Luke Walton;2019;0
28;Luke Walton;2021;4
29;Mark Daigneault;2021;4
30;Michael Malone;2019;3
31;Michael Malone;2021;1
32;Mike Budenholzer;2019;0
33;Mike Budenholzer;2021;4
34;Mike D'Antoni;2019;3
35;Monty Williams;2021;1
36;Nate Bjorkgren;2021;4
37;Nate McMillan;2019;3
38;Nate McMillan;2021;4
39;Nick Nurse;2019;3
40;Nick Nurse;2021;1
41;Quin Snyder;2019;3
42;Quin Snyder;2021;1
43;Rick Carlisle;2019;0
44;Rick Carlisle;2021;4
45;Ryan Saunders;2019;3
46;Scott Brooks;2019;2
47;Scott Brooks;2021;2
48;Stan Van Gundy;2021;4
49;Stephen Silas;2021;4
50;Steve Clifford;2019;3
51;Steve Clifford;2021;1
52;Steve Kerr;2019;3
53;Steve Kerr;2021;1
54;Steve Nash;2021;4
55;Taylor Jenkins;2021;1
56;Terry Stotts;2019;0
57;Terry Stotts;2021;4
58;Tom Thibodeau;2021;1
59;Tyronn Lue;2021;1
60;ATL;2019;3
61;ATL;2021;0
62;BOS;2019;1
63;BOS;2021;2
64;BRK;2019;4
65;BRK;2021;0
66;CHI;2019;0
67;CHI;2021;2
68;CHO;2019;1
69;CHO;2021;2
70;CLE;2019;0
71;CLE;2021;2
72;DAL;2019;4
73;DAL;2021;0
74;DEN;2019;1
75;DEN;2021;2
76;DET;2019;1
77;DET;2021;2
78;GSW;2019;1
79;GSW;2021;2
80;HOU;2019;1
81;HOU;2021;0
82;IND;2019;1
83;IND;2021;0
84;LAC;2019;4
85;LAC;2021;2
86;LAL;2019;4
87;LAL;2021;2
88;MEM;2019;1
89;MEM;2021;2
90;MIA;2019;1
91;MIA;2021;2
92;MIL;2019;4
93;MIL;2021;0
94;MIN;2019;1
95;MIN;2021;0
96;NOP;2019;4
97;NOP;2021;0
98;NYK;2019;0
99;NYK;2021;2
100;OKC;2019;4
101;OKC;2021;0
102;ORL;2019;1
103;ORL;2021;2
104;PHI;2019;4
105;PHI;2021;2
106;PHO;2019;0
107;PHO;2021;2
108;POR;2019;4
109;POR;2021;0
110;SAC;2019;3
111;SAC;2021;0
112;SAS;2019;4
113;SAS;2021;0
114;TOR;2019;1
115;TOR;2021;2
116;UTA;2019;1
117;UTA;2021;2
118;WAS;2019;3
119;WAS;2021;3
120;Aaron Gordon;2019;1
121;Aaron Gordon;2021;1
122;Aaron Holiday;2019;3
123;Aaron Holiday;2021;0
124;Aaron Nesmith;2021;2
125;Abdel Nader;2019;0
126;Abdel Nader;2021;3
127;Adam Mokoka;2021;3
128;Al Horford;2019;0
129;Al Horford;2021;1
130;Al-Farouq Aminu;2019;1
131;Al-Farouq Aminu;2021;2
132;Alec Burks;2019;1
133;Alec Burks;2021;0
134;Aleksej Pokusevski;2021;2
135;Alen Smailagic;2021;2
136;Alex Caruso;2019;2
137;Alex Caruso;2021;2
138;Alex Len;2019;2
139;Alex Len;2021;2
140;Alfonzo McKinnie;2019;2
141;Alfonzo McKinnie;2021;3
142;Amir Coffey;2021;3
143;Andre Drummond;2019;0
144;Andre Drummond;2021;0
145;Andre Iguodala;2019;2
146;Andre Iguodala;2021;2
147;Andrew Wiggins;2019;0
148;Andrew Wiggins;2021;0
149;Anfernee Simons;2019;3
150;Anfernee Simons;2021;2
151;Anthony Edwards;2021;1
152;Anthony Gill;2021;3
153;Anzejs Pasecniks;2021;3
154;Aron Baynes;2019;0
155;Aron Baynes;2021;2
156;Ashton Hagans;2021;3
157;Austin Rivers;2019;2
158;Austin Rivers;2021;2
159;Avery Bradley;2019;4
160;Avery Bradley;2021;0
161;Bam Adebayo;2019;2
162;Bam Adebayo;2021;0
163;Ben McLemore;2019;0
164;Ben McLemore;2021;2
165;Ben Simmons;2019;4
166;Ben Simmons;2021;1
167;Bismack Biyombo;2019;2
168;Bismack Biyombo;2021;0
169;Blake Griffin;2019;1
170;Blake Griffin;2021;0
171;Boban Marjanovic;2019;2
172;Boban Marjanovic;2021;2
173;Bobby Portis;2019;2
174;Bobby Portis;2021;2
175;Bogdan Bogdanovic;2019;0
176;Bogdan Bogdanovic;2021;0
177;Bojan Bogdanovic;2019;0
178;Bojan Bogdanovic;2021;0
179;Bol Bol;2021;3
180;Brad Wanamaker;2019;3
181;Brad Wanamaker;2021;2
182;Bradley Beal;2019;4
183;Bradley Beal;2021;4
184;Brandon Clarke;2021;2
185;Brandon Goodwin;2019;2
186;Brandon Goodwin;2021;2
187;Brandon Ingram;2019;1
188;Brandon Ingram;2021;4
189;Brodric Thomas;2021;2
190;Brook Lopez;2019;4
191;Brook Lopez;2021;1
192;Bruce Brown,;2019;2
193;Bruce Brown,;2021;0
194;Bruno Fernando;2021;2
195;Bryn Forbes;2019;4
196;Bryn Forbes;2021;1
197;Buddy Hield;2019;4
198;Buddy Hield;2021;1
199;Cam Reddish;2021;1
200;Cameron Payne;2019;4
201;Cameron Payne;2021;2
202;Caris LeVert;2019;1
203;Caris LeVert;2021;1
204;Carmelo Anthony;2019;3
205;Carmelo Anthony;2021;0
206;Carsen Edwards;2021;0
207;Cassius Stanley;2021;2
208;Cassius Winston;2021;3
209;Chandler Hutchison;2019;3
210;Chandler Hutchison;2021;2
211;Chimezie Metu;2019;0
212;Chimezie Metu;2021;3
213;Chris Boucher;2019;3
214;Chris Boucher;2021;2
215;Chris Chiozza;2021;0
216;Chris Clemons;2021;0
217;Chris Paul;2019;4
218;Chris Paul;2021;4
219;Chris Silva;2021;3
220;Christian Wood;2019;2
221;Christian Wood;2021;0
222;Chuma Okeke;2021;2
223;Coby White;2021;0
224;Cody Martin;2021;2
225;Cody Zeller;2019;4
226;Cody Zeller;2021;0
227;Cole Anthony;2021;1
228;Collin Sexton;2019;0
229;Collin Sexton;2021;1
230;Cory Joseph;2019;2
231;Cory Joseph;2021;0
232;Cristiano Felicio;2019;2
233;Cristiano Felicio;2021;3
234;DaQuan Jeffries;2021;2
235;Damian Lillard;2019;4
236;Damian Lillard;2021;4
237;Damyean Dotson;2019;0
238;Damyean Dotson;2021;2
239;Daniel Gafford;2021;2
240;Daniel Oturu;2021;2
241;Daniel Theis;2019;2
242;Daniel Theis;2021;0
243;Danilo Gallinari;2019;1
244;Danilo Gallinari;2021;1
245;Dante Exum;2019;2
246;Dante Exum;2021;0
247;Danuel House;2019;0
248;Danuel House;2021;0
249;Dario Saric;2019;1
250;Dario Saric;2021;2
251;Darius Bazley;2021;0
252;Darius Garland;2021;1
253;Darius Miller;2019;1
254;Darius Miller;2021;3
255;David Nwaba;2019;4
256;David Nwaba;2021;1
257;Davis Bertans;2019;2
258;Davis Bertans;2021;2
259;De'Aaron Fox;2019;4
260;De'Aaron Fox;2021;4
261;De'Andre Hunter;2021;1
262;De'Anthony Melton;2019;0
263;De'Anthony Melton;2021;0
264;DeAndre Jordan;2019;1
265;DeAndre Jordan;2021;0
266;DeAndre' Bembry;2019;4
267;DeAndre' Bembry;2021;3
268;DeMar DeRozan;2019;1
269;DeMar DeRozan;2021;1
270;DeMarcus Cousins;2019;4
271;DeMarcus Cousins;2021;3
272;Dean Wade;2021;2
273;Deandre Ayton;2019;4
274;Deandre Ayton;2021;0
275;Deividas Sirvydis;2021;3
276;Dejounte Murray;2021;4
277;Delon Wright;2019;2
278;Delon Wright;2021;1
279;Deni Avdija;2021;0
280;Dennis Schroder;2019;2
281;Dennis Schroder;2021;0
282;Denzel Valentine;2021;2
283;Derrick Favors;2019;1
284;Derrick Favors;2021;0
285;Derrick Rose;2019;2
286;Derrick Rose;2021;2
287;Derrick White;2019;1
288;Derrick White;2021;4
289;Desmond Bane;2021;2
290;Devin Booker;2019;4
291;Devin Booker;2021;4
292;Devin Vassell;2021;2
293;Devon Dotson;2021;3
294;Devontae Cacok;2021;2
295;Devonte' Graham;2019;2
296;Devonte' Graham;2021;1
297;Dillon Brooks;2019;2
298;Dillon Brooks;2021;1
299;Domantas Sabonis;2019;3
300;Domantas Sabonis;2021;1
301;Donovan Mitchell;2019;1
302;Donovan Mitchell;2021;1
303;Donte DiVincenzo;2019;2
304;Donte DiVincenzo;2021;1
305;Dorian Finney-Smith;2019;2
306;Dorian Finney-Smith;2021;1
307;Doug McDermott;2019;2
308;Doug McDermott;2021;2
309;Draymond Green;2019;1
310;Draymond Green;2021;1
311;Drew Eubanks;2019;2
312;Drew Eubanks;2021;2
313;Duncan Robinson;2019;3
314;Duncan Robinson;2021;1
315;Dwayne Bacon;2019;0
316;Dwayne Bacon;2021;0
317;Dwight Howard;2019;0
318;Dwight Howard;2021;3
319;Dwight Powell;2019;0
320;Dwight Powell;2021;0
321;Dylan Windler;2021;3
322;Ed Davis;2019;3
323;Ed Davis;2021;3
324;Edmond Sumner;2019;0
325;Edmond Sumner;2021;0
326;Elfrid Payton;2019;1
327;Elfrid Payton;2021;1
328;Enes Kanter;2019;0
329;Enes Kanter;2021;2
330;Eric Bledsoe;2019;1
331;Eric Bledsoe;2021;4
332;Eric Gordon;2019;4
333;Eric Gordon;2021;0
334;Eric Paschall;2021;0
335;Evan Fournier;2019;1
336;Evan Fournier;2021;4
337;Facundo Campazzo;2021;2
338;Frank Jackson;2019;0
339;Frank Jackson;2021;2
340;Frank Kaminsky;2019;0
341;Frank Kaminsky;2021;2
342;Fred VanVleet;2019;1
343;Fred VanVleet;2021;1
344;Furkan Korkmaz;2019;2
345;Furkan Korkmaz;2021;2
346;Gabe Vincent;2021;2
347;Garrett Temple;2019;1
348;Garrett Temple;2021;4
349;Garrison Mathews;2021;0
350;Gary Clark;2019;2
351;Gary Clark;2021;2
352;Gary Harris;2019;3
353;Gary Harris;2021;4
354;George Hill;2019;4
355;George Hill;2021;0
356;Georges Niang;2019;2
357;Georges Niang;2021;2
358;Giannis Antetokounmpo;2019;1
359;Giannis Antetokounmpo;2021;4
360;Goga Bitadze;2021;2
361;Goran Dragic;2019;2
362;Goran Dragic;2021;2
363;Gordon Hayward;2019;1
364;Gordon Hayward;2021;1
365;Gorgui Dieng;2019;3
366;Gorgui Dieng;2021;2
367;Grant Riller;2021;3
368;Grant Williams;2021;2
369;Grayson Allen;2019;2
370;Grayson Allen;2021;0
371;Hamidou Diallo;2019;2
372;Hamidou Diallo;2021;2
373;Harry Giles;2019;2
374;Harry Giles;2021;2
375;Hassan Whiteside;2019;1
376;Hassan Whiteside;2021;0
377;Ignas Brazdeikis;2021;3
378;Immanuel Quickley;2021;2
379;Isaac Bonga;2019;3
380;Isaac Bonga;2021;0
381;Isaac Okoro;2021;4
382;Isaiah Hartenstein;2019;2
383;Isaiah Hartenstein;2021;2
384;Isaiah Joe;2021;4
385;Isaiah Roby;2021;0
386;Isaiah Stewart;2021;0
387;Ish Smith;2019;2
388;Ish Smith;2021;0
389;Ivica Zubac;2019;1
390;Ivica Zubac;2021;0
391;Ja Morant;2021;4
392;JaMychal Green;2019;3
393;JaMychal Green;2021;3
394;JaVale McGee;2019;1
395;JaVale McGee;2021;2
396;Jabari Parker;2019;0
397;Jabari Parker;2021;0
398;Jaden McDaniels;2021;0
399;Jae Crowder;2019;3
400;Jae Crowder;2021;0
401;Jae'sean Tate;2021;0
402;Jahlil Okafor;2019;0
403;Jahlil Okafor;2021;2
404;Jahmi'us Ramsey;2021;0
405;Jake Layman;2019;0
406;Jake Layman;2021;2
407;Jakob Poeltl;2019;2
408;Jakob Poeltl;2021;2
409;Jalen Brunson;2019;1
410;Jalen Brunson;2021;2
411;Jalen Harris;2021;2
412;Jalen Lecque;2021;2
413;Jalen McDaniels;2021;0
414;Jamal Murray;2019;1
415;Jamal Murray;2021;4
416;James Ennis;2019;1
417;James Ennis;2021;4
418;James Harden;2019;4
419;James Harden;2021;4
420;James Johnson;2019;1
421;James Johnson;2021;2
422;James Wiseman;2021;0
423;Jared Dudley;2019;4
424;Jared Dudley;2021;3
425;Jared Harper;2021;3
426;Jarred Vanderbilt;2019;3
427;Jarred Vanderbilt;2021;2
428;Jarrell Brantley;2021;2
429;Jarrett Allen;2019;4
430;Jarrett Allen;2021;0
431;Jarrett Culver;2021;0
432;Javonte Green;2019;2
433;Javonte Green;2021;0
434;Jaylen Adams;2019;0
435;Jaylen Adams;2021;3
436;Jaylen Nowell;2021;2
437;Jayson Tatum;2019;1
438;Jayson Tatum;2021;4
439;Jeff Teague;2019;2
440;Jeff Teague;2021;0
441;Jerami Grant;2019;1
442;Jerami Grant;2021;1
443;Jeremy Lamb;2019;1
444;Jeremy Lamb;2021;0
445;Jerome Robinson;2019;2
446;Jerome Robinson;2021;0
447;Jevon Carter;2019;0
448;Jevon Carter;2021;2
449;Jimmy Butler;2019;4
450;Jimmy Butler;2021;1
451;Joe Harris;2019;4
452;Joe Harris;2021;1
453;Joe Ingles;2019;1
454;Joe Ingles;2021;2
455;Joel Embiid;2019;1
456;Joel Embiid;2021;0
457;John Collins;2019;4
458;John Collins;2021;4
459;John Konchar;2021;2
460;John Wall;2019;4
461;John Wall;2021;1
462;Jonas Valanciunas;2019;2
463;Jonas Valanciunas;2021;0
464;Jonathan Isaac;2019;1
465;Jonathan Isaac;2021;1
466;Jontay Porter;2021;3
467;Jordan Bone;2021;2
468;Jordan Clarkson;2019;2
469;Jordan Clarkson;2021;2
470;Jordan McLaughlin;2021;0
471;Jordan Nwora;2021;2
472;Jordan Poole;2021;2
473;Josh Hall;2021;0
474;Josh Hart;2019;4
475;Josh Hart;2021;1
476;Josh Okogie;2019;4
477;Josh Okogie;2021;0
478;Josh Richardson;2019;4
479;Josh Richardson;2021;1
480;Jrue Holiday;2019;4
481;Jrue Holiday;2021;1
482;Juan Toscano-Anderson;2021;0
483;Juancho Hernangomez;2019;2
484;Juancho Hernangomez;2021;2
485;Julius Randle;2019;0
486;Julius Randle;2021;4
487;Justin Holiday;2019;1
488;Justin Holiday;2021;2
489;Justin Jackson;2019;0
490;Justin Jackson;2021;2
491;Justin James;2021;2
492;Justise Winslow;2019;1
493;Justise Winslow;2021;2
494;Jusuf Nurkic;2019;1
495;Jusuf Nurkic;2021;4
496;Juwan Morgan;2021;3
497;KZ Okpala;2021;2
498;Karim Mane;2021;2
499;Karl-Anthony Towns;2019;0
500;Karl-Anthony Towns;2021;0
501;Kawhi Leonard;2019;3
502;Kawhi Leonard;2021;1
503;Keita Bates-Diop;2019;0
504;Keita Bates-Diop;2021;3
505;Keljin Blevins;2021;2
506;Kelly Olynyk;2019;2
507;Kelly Olynyk;2021;2
508;Kelly Oubre,;2019;0
509;Kelly Oubre,;2021;1
510;Kendrick Nunn;2021;1
511;Kent Bazemore;2019;2
512;Kent Bazemore;2021;2
513;Kentavious Caldwell-Pope;2019;0
514;Kentavious Caldwell-Pope;2021;1
515;Kevin Durant;2019;1
516;Kevin Durant;2021;4
517;Kevin Huerter;2019;4
518;Kevin Huerter;2021;1
519;Kevin Knox;2019;1
520;Kevin Knox;2021;2
521;Kevin Love;2019;1
522;Kevin Love;2021;0
523;Kevon Looney;2019;2
524;Kevon Looney;2021;0
525;Khem Birch;2019;3
526;Khem Birch;2021;2
527;Khris Middleton;2019;1
528;Khris Middleton;2021;4
529;Killian Hayes;2021;4
530;Kira Lewis,;2021;3
531;Klay Thompson;2019;1
532;Kostas Antetokounmpo;2019;0
533;Kostas Antetokounmpo;2021;3
534;Kris Dunn;2019;1
535;Kris Dunn;2021;2
536;Kristaps Porzingis;2021;1
537;Kyle Anderson;2019;1
538;Kyle Anderson;2021;0
539;Kyle Guy;2021;2
540;Kyle Kuzma;2019;1
541;Kyle Kuzma;2021;2
542;Kyle Lowry;2019;1
543;Kyle Lowry;2021;4
544;Kyrie Irving;2019;1
545;Kyrie Irving;2021;4
546;LaMarcus Aldridge;2019;1
547;LaMarcus Aldridge;2021;1
548;LaMelo Ball;2021;2
549;Lamar Stevens;2021;3
550;Landry Shamet;2019;0
551;Landry Shamet;2021;2
552;Langston Galloway;2019;2
553;Langston Galloway;2021;2
554;Lauri Markkanen;2019;2
555;Lauri Markkanen;2021;0
556;LeBron James;2019;1
557;LeBron James;2021;1
558;Lonnie Walker;2019;2
559;Lonnie Walker;2021;0
560;Lonzo Ball;2019;4
561;Lonzo Ball;2021;1
562;Luguentz Dort;2021;4
563;Luka Doncic;2019;4
564;Luka Doncic;2021;4
565;Luka Samanic;2021;3
566;Luke Kennard;2019;3
567;Luke Kennard;2021;1
568;Luke Kornet;2019;0
569;Luke Kornet;2021;2
570;Malachi Flynn;2021;0
571;Malcolm Brogdon;2019;4
572;Malcolm Brogdon;2021;1
573;Malik Beasley;2019;2
574;Malik Beasley;2021;0
575;Malik Monk;2019;2
576;Malik Monk;2021;2
577;Mamadi Diakite;2021;3
578;Marc Gasol;2019;2
579;Marc Gasol;2021;1
580;Marcus Smart;2019;1
581;Marcus Smart;2021;1
582;Markelle Fultz;2019;1
583;Markelle Fultz;2021;4
584;Marques Bolden;2021;3
585;Marquese Chriss;2019;2
586;Marquese Chriss;2021;2
587;Marvin Bagley;2019;2
588;Marvin Bagley;2021;1
589;Mason Plumlee;2019;0
590;Mason Plumlee;2021;4
591;Matisse Thybulle;2021;3
592;Matt Dellavedova;2019;2
593;Matt Dellavedova;2021;0
594;Maurice Harkless;2019;0
595;Maurice Harkless;2021;0
596;Max Strus;2021;3
597;Meyers Leonard;2019;3
598;Meyers Leonard;2021;0
599;Mfiondu Kabengele;2021;2
600;Michael Carter-Williams;2019;2
601;Michael Carter-Williams;2021;2
602;Michael Porter,;2021;0
603;Mikal Bridges;2019;1
604;Mikal Bridges;2021;0
605;Mike Conley;2019;1
606;Mike Conley;2021;4
607;Mike Muscala;2019;3
608;Mike Muscala;2021;3
609;Mike Scott;2019;2
610;Mike Scott;2021;3
611;Miles Bridges;2019;0
612;Miles Bridges;2021;1
613;Mitchell Robinson;2019;2
614;Mitchell Robinson;2021;2
615;Miye Oni;2021;3
616;Moe Wagner;2019;2
617;Moe Wagner;2021;2
618;Mohamed Bamba;2019;2
619;Mohamed Bamba;2021;2
620;Monte Morris;2019;2
621;Monte Morris;2021;2
622;Montrezl Harrell;2019;2
623;Montrezl Harrell;2021;2
624;Moses Brown;2021;2
625;Mychal Mulder;2021;2
626;Myles Turner;2019;1
627;Myles Turner;2021;4
628;Naji Marshall;2021;2
629;Nassir Little;2021;2
630;Nate Darling;2021;2
631;Nate Hinton;2021;3
632;Nathan Knight;2021;3
633;Naz Reid;2021;2
634;Nemanja Bjelica;2019;0
635;Nemanja Bjelica;2021;0
636;Nerlens Noel;2019;2
637;Nerlens Noel;2021;1
638;Nick Richards;2021;3
639;Nickeil Alexander-Walker;2021;2
640;Nico Mannion;2021;2
641;Nicolas Batum;2019;1
642;Nicolas Batum;2021;0
643;Nicolas Claxton;2021;3
644;Nicolo Melli;2021;3
645;Nikola Jokic;2019;4
646;Nikola Jokic;2021;0
647;Nikola Vucevic;2019;1
648;Nikola Vucevic;2021;1
649;Norman Powell;2019;0
650;Norman Powell;2021;1
651;Obi Toppin;2021;0
652;Ogugua Anunoby;2019;2
653;Ogugua Anunoby;2021;1
654;Onyeka Okongwu;2021;2
655;Otto Porter;2019;1
656;Otto Porter;2021;2
657;Pascal Siakam;2019;1
658;Pascal Siakam;2021;1
659;Pat Connaughton;2019;2
660;Pat Connaughton;2021;2
661;Patrick Beverley;2019;2
662;Patrick Beverley;2021;4
663;Patrick McCaw;2019;2
664;Patrick McCaw;2021;0
665;Patrick Patterson;2019;2
666;Patrick Patterson;2021;0
667;Patrick Williams;2021;4
668;Patty Mills;2019;1
669;Patty Mills;2021;1
670;Paul George;2019;4
671;Paul George;2021;4
672;Paul Millsap;2019;1
673;Paul Millsap;2021;1
674;Paul Watson;2021;3
675;Payton Pritchard;2021;2
676;Precious Achiuwa;2021;3
677;Quinn Cook;2019;2
678;Quinn Cook;2021;2
679;Quinndary Weatherspoon;2021;2
680;Rajon Rondo;2019;1
681;Rajon Rondo;2021;2
682;Raulzinho Neto;2019;0
683;Raulzinho Neto;2021;2
684;Reggie Bullock;2019;4
685;Reggie Bullock;2021;1
686;Reggie Jackson;2019;4
687;Reggie Jackson;2021;0
688;Reggie Perry;2021;2
689;Richaun Holmes;2019;2
690;Richaun Holmes;2021;4
691;Ricky Rubio;2019;1
692;Ricky Rubio;2021;1
693;Robert Covington;2019;1
694;Robert Covington;2021;4
695;Robert Woodard;2021;0
696;Robin Lopez;2019;2
697;Robin Lopez;2021;2
698;Rodions Kurucs;2019;0
699;Rodions Kurucs;2021;2
700;Rodney Hood;2019;0
701;Rodney Hood;2021;0
702;Rodney McGruder;2019;1
703;Rodney McGruder;2021;2
704;Romeo Langford;2021;2
705;Rudy Gay;2019;0
706;Rudy Gay;2021;3
707;Rudy Gobert;2019;1
708;Rudy Gobert;2021;1
709;Rui Hachimura;2021;4
710;Russell Westbrook;2019;4
711;Russell Westbrook;2021;4
712;Ryan Arcidiacono;2019;1
713;Ryan Arcidiacono;2021;2
714;Saben Lee;2021;2
715;Saddiq Bey;2021;0
716;Sam Merrill;2021;2
717;Sean McDermott;2021;2
718;Sekou Doumbouya;2021;0
719;Semi Ojeleye;2019;2
720;Semi Ojeleye;2021;2
721;Serge Ibaka;2019;0
722;Serge Ibaka;2021;2
723;Seth Curry;2019;2
724;Seth Curry;2021;4
725;Shai Gilgeous-Alexander;2019;4
726;Shai Gilgeous-Alexander;2021;4
727;Shake Milton;2019;0
728;Shake Milton;2021;0
729;Shaquille Harrison;2019;0
730;Shaquille Harrison;2021;2
731;Sindarius Thornwell;2019;0
732;Sindarius Thornwell;2021;2
733;Skylar Mays;2021;2
734;Solomon Hill;2019;2
735;Solomon Hill;2021;2
736;Spencer Dinwiddie;2019;2
737;Spencer Dinwiddie;2021;4
738;Stephen Curry;2019;4
739;Stephen Curry;2021;4
740;Steven Adams;2019;1
741;Steven Adams;2021;0
742;Svi Mykhailiuk;2019;2
743;Svi Mykhailiuk;2021;2
744;Tacko Fall;2021;3
745;Taj Gibson;2019;1
746;Taj Gibson;2021;0
747;Talen Horton-Tucker;2021;3
748;Terance Mann;2021;2
749;Terrance Ferguson;2019;4
750;Terrance Ferguson;2021;2
751;Terrence Ross;2019;2
752;Terrence Ross;2021;2
753;Terry Rozier;2019;2
754;Terry Rozier;2021;1
755;Thaddeus Young;2019;1
756;Thaddeus Young;2021;2
757;Thanasis Antetokounmpo;2021;2
758;Theo Maledon;2021;1
759;Theo Pinson;2019;3
760;Theo Pinson;2021;2
761;Thomas Bryant;2019;0
762;Thomas Bryant;2021;0
763;Timothe Luwawu-Cabarrot;2019;0
764;Timothe Luwawu-Cabarrot;2021;2
765;Tomas Satoransky;2019;1
766;Tomas Satoransky;2021;0
767;Tony Bradley;2021;3
768;Tony Snell;2019;3
769;Tony Snell;2021;1
770;Torrey Craig;2019;1
771;Torrey Craig;2021;2
772;Trae Young;2019;1
773;Trae Young;2021;4
774;Tre Jones;2021;2
775;Tremont Waters;2021;2
776;Trent Forrest;2021;2
777;Trevor Ariza;2019;1
778;Trevor Ariza;2021;2
779;Trey Burke;2019;0
780;Trey Burke;2021;0
781;Trey Lyles;2019;2
782;Trey Lyles;2021;1
783;Tristan Thompson;2019;4
784;Tristan Thompson;2021;1
785;Troy Brown,;2019;0
786;Troy Brown,;2021;2
787;Ty Jerome;2021;2
788;Ty-Shon Alexander;2021;3
789;Tyler Bey;2021;3
790;Tyler Herro;2021;2
791;Tyler Johnson;2019;0
792;Tyler Johnson;2021;2
793;Tyrell Terry;2021;3
794;Tyrese Haliburton;2021;0
795;Tyrese Maxey;2021;2
796;Tyus Jones;2019;0
797;Tyus Jones;2021;2
798;Udoka Azubuike;2021;3
799;Vernon Carey,;2021;2
800;Victor Oladipo;2019;1
801;Victor Oladipo;2021;4
802;Vincent Poirier;2021;3
803;Vlatko Cancar;2021;3
804;Wayne Ellington;2019;1
805;Wayne Ellington;2021;2
806;Wendell Carter,;2019;4
807;Wendell Carter,;2021;4
808;Wenyen Gabriel;2021;2
809;Wesley Iwundu;2019;2
810;Wesley Iwundu;2021;2
811;Will Barton;2019;4
812;Will Barton;2021;1
813;Willie Cauley-Stein;2019;1
814;Willie Cauley-Stein;2021;2
815;Willy Hernangomez;2019;2
816;Willy Hernangomez;2021;2
817;Xavier Tillman,;2021;2
818;Yuta Watanabe;2019;3
819;Yuta Watanabe;2021;2
820;Zach Collins;2019;3
821;Zach Collins;2021;3
822;Zach LaVine;2019;1
823;Zach LaVine;2021;1
824;Zeke Nnaji;2021;3
825;Zion Williamson;2021;4
