;Key;annee;cluster
0;Alvin Gentry;2019;0
1;Billy Donovan;2019;0
2;Billy Donovan;2021;1
3;Brad Stevens;2019;3
4;Brad Stevens;2021;1
5;Brett Brown;2019;0
6;Chris Finch;2021;4
7;Dave Joerger;2019;2
8;David Fizdale;2019;4
9;Doc Rivers;2019;0
10;Doc Rivers;2021;1
11;Dwane Casey;2019;3
12;Dwane Casey;2021;1
13;Erik Spoelstra;2019;3
14;Erik Spoelstra;2021;1
15;Frank Vogel;2021;1
16;Gregg Popovich;2019;0
17;Gregg Popovich;2021;4
18;Igor Kokoskov;2019;4
19;J.B. Bickerstaff;2019;3
20;J.B. Bickerstaff;2021;1
21;James Borrego;2019;3
22;James Borrego;2021;1
23;Jim Boylen;2019;4
24;Kenny Atkinson;2019;0
25;Larry Drew;2019;4
26;Lloyd Pierce;2019;2
27;Luke Walton;2019;0
28;Luke Walton;2021;4
29;Mark Daigneault;2021;4
30;Michael Malone;2019;3
31;Michael Malone;2021;1
32;Mike Budenholzer;2019;0
33;Mike Budenholzer;2021;4
34;Mike D'Antoni;2019;3
35;Monty Williams;2021;1
36;Nate Bjorkgren;2021;4
37;Nate McMillan;2019;3
38;Nate McMillan;2021;4
39;Nick Nurse;2019;3
40;Nick Nurse;2021;1
41;Quin Snyder;2019;3
42;Quin Snyder;2021;1
43;Rick Carlisle;2019;0
44;Rick Carlisle;2021;4
45;Ryan Saunders;2019;3
46;Scott Brooks;2019;2
47;Scott Brooks;2021;2
48;Stan Van Gundy;2021;4
49;Stephen Silas;2021;4
50;Steve Clifford;2019;3
51;Steve Clifford;2021;1
52;Steve Kerr;2019;3
53;Steve Kerr;2021;1
54;Steve Nash;2021;4
55;Taylor Jenkins;2021;1
56;Terry Stotts;2019;0
57;Terry Stotts;2021;4
58;Tom Thibodeau;2021;1
59;Tyronn Lue;2021;1
60;ATL;2019;4
61;ATL;2021;1
62;BOS;2019;2
63;BOS;2021;3
64;BRK;2019;0
65;BRK;2021;1
66;CHI;2019;1
67;CHI;2021;3
68;CHO;2019;2
69;CHO;2021;3
70;CLE;2019;1
71;CLE;2021;3
72;DAL;2019;0
73;DAL;2021;1
74;DEN;2019;2
75;DEN;2021;3
76;DET;2019;2
77;DET;2021;3
78;GSW;2019;2
79;GSW;2021;3
80;HOU;2019;2
81;HOU;2021;1
82;IND;2019;2
83;IND;2021;1
84;LAC;2019;0
85;LAC;2021;3
86;LAL;2019;0
87;LAL;2021;3
88;MEM;2019;2
89;MEM;2021;3
90;MIA;2019;2
91;MIA;2021;3
92;MIL;2019;0
93;MIL;2021;1
94;MIN;2019;2
95;MIN;2021;1
96;NOP;2019;0
97;NOP;2021;1
98;NYK;2019;1
99;NYK;2021;3
100;OKC;2019;0
101;OKC;2021;1
102;ORL;2019;2
103;ORL;2021;3
104;PHI;2019;0
105;PHI;2021;3
106;PHO;2019;1
107;PHO;2021;3
108;POR;2019;0
109;POR;2021;1
110;SAC;2019;4
111;SAC;2021;1
112;SAS;2019;0
113;SAS;2021;1
114;TOR;2019;2
115;TOR;2021;3
116;UTA;2019;2
117;UTA;2021;3
118;WAS;2019;4
119;WAS;2021;4
120;Aaron Gordon;2019;1
121;Aaron Gordon;2021;1
122;Aaron Holiday;2019;4
123;Aaron Holiday;2021;0
124;Aaron Nesmith;2021;2
125;Abdel Nader;2019;0
126;Abdel Nader;2021;4
127;Adam Mokoka;2021;4
128;Al Horford;2019;1
129;Al Horford;2021;1
130;Al-Farouq Aminu;2019;1
131;Al-Farouq Aminu;2021;0
132;Alec Burks;2019;1
133;Alec Burks;2021;0
134;Aleksej Pokusevski;2021;2
135;Alen Smailagic;2021;2
136;Alex Caruso;2019;2
137;Alex Caruso;2021;2
138;Alex Len;2019;2
139;Alex Len;2021;0
140;Alfonzo McKinnie;2019;2
141;Alfonzo McKinnie;2021;4
142;Amir Coffey;2021;4
143;Andre Drummond;2019;0
144;Andre Drummond;2021;0
145;Andre Iguodala;2019;2
146;Andre Iguodala;2021;2
147;Andrew Wiggins;2019;0
148;Andrew Wiggins;2021;0
149;Anfernee Simons;2019;4
150;Anfernee Simons;2021;2
151;Anthony Edwards;2021;1
152;Anthony Gill;2021;2
153;Anzejs Pasecniks;2021;4
154;Aron Baynes;2019;0
155;Aron Baynes;2021;2
156;Ashton Hagans;2021;4
157;Austin Rivers;2019;2
158;Austin Rivers;2021;2
159;Avery Bradley;2019;3
160;Avery Bradley;2021;0
161;Bam Adebayo;2019;2
162;Bam Adebayo;2021;0
163;Ben McLemore;2019;0
164;Ben McLemore;2021;2
165;Ben Simmons;2019;3
166;Ben Simmons;2021;1
167;Bismack Biyombo;2019;2
168;Bismack Biyombo;2021;0
169;Blake Griffin;2019;1
170;Blake Griffin;2021;0
171;Boban Marjanovic;2019;2
172;Boban Marjanovic;2021;2
173;Bobby Portis;2019;2
174;Bobby Portis;2021;2
175;Bogdan Bogdanovic;2019;0
176;Bogdan Bogdanovic;2021;1
177;Bojan Bogdanovic;2019;0
178;Bojan Bogdanovic;2021;0
179;Bol Bol;2021;4
180;Brad Wanamaker;2019;4
181;Brad Wanamaker;2021;2
182;Bradley Beal;2019;3
183;Bradley Beal;2021;3
184;Brandon Clarke;2021;2
185;Brandon Goodwin;2019;2
186;Brandon Goodwin;2021;2
187;Brandon Ingram;2019;1
188;Brandon Ingram;2021;3
189;Brodric Thomas;2021;2
190;Brook Lopez;2019;3
191;Brook Lopez;2021;1
192;Bruce Brown,;2019;2
193;Bruce Brown,;2021;0
194;Bruno Fernando;2021;2
195;Bryn Forbes;2019;3
196;Bryn Forbes;2021;1
197;Buddy Hield;2019;3
198;Buddy Hield;2021;1
199;Cam Reddish;2021;1
200;Cameron Payne;2019;3
201;Cameron Payne;2021;2
202;Caris LeVert;2019;1
203;Caris LeVert;2021;1
204;Carmelo Anthony;2019;4
205;Carmelo Anthony;2021;1
206;Carsen Edwards;2021;0
207;Cassius Stanley;2021;2
208;Cassius Winston;2021;4
209;Chandler Hutchison;2019;4
210;Chandler Hutchison;2021;2
211;Chimezie Metu;2019;0
212;Chimezie Metu;2021;2
213;Chris Boucher;2019;4
214;Chris Boucher;2021;2
215;Chris Chiozza;2021;0
216;Chris Clemons;2021;0
217;Chris Paul;2019;3
218;Chris Paul;2021;3
219;Chris Silva;2021;4
220;Christian Wood;2019;2
221;Christian Wood;2021;0
222;Chuma Okeke;2021;2
223;Coby White;2021;0
224;Cody Martin;2021;2
225;Cody Zeller;2019;3
226;Cody Zeller;2021;0
227;Cole Anthony;2021;1
228;Collin Sexton;2019;0
229;Collin Sexton;2021;1
230;Cory Joseph;2019;2
231;Cory Joseph;2021;0
232;Cristiano Felicio;2019;2
233;Cristiano Felicio;2021;2
234;DaQuan Jeffries;2021;2
235;Damian Lillard;2019;3
236;Damian Lillard;2021;3
237;Damyean Dotson;2019;0
238;Damyean Dotson;2021;2
239;Daniel Gafford;2021;0
240;Daniel Oturu;2021;2
241;Daniel Theis;2019;2
242;Daniel Theis;2021;0
243;Danilo Gallinari;2019;1
244;Danilo Gallinari;2021;1
245;Dante Exum;2019;2
246;Dante Exum;2021;0
247;Danuel House;2019;0
248;Danuel House;2021;0
249;Dario Saric;2019;1
250;Dario Saric;2021;2
251;Darius Bazley;2021;0
252;Darius Garland;2021;1
253;Darius Miller;2019;1
254;Darius Miller;2021;4
255;David Nwaba;2019;3
256;David Nwaba;2021;1
257;Davis Bertans;2019;2
258;Davis Bertans;2021;2
259;De'Aaron Fox;2019;3
260;De'Aaron Fox;2021;3
261;De'Andre Hunter;2021;1
262;De'Anthony Melton;2019;0
263;De'Anthony Melton;2021;0
264;DeAndre Jordan;2019;1
265;DeAndre Jordan;2021;0
266;DeAndre' Bembry;2019;3
267;DeAndre' Bembry;2021;4
268;DeMar DeRozan;2019;1
269;DeMar DeRozan;2021;1
270;DeMarcus Cousins;2019;3
271;DeMarcus Cousins;2021;4
272;Dean Wade;2021;2
273;Deandre Ayton;2019;3
274;Deandre Ayton;2021;0
275;Deividas Sirvydis;2021;4
276;Dejounte Murray;2021;3
277;Delon Wright;2019;2
278;Delon Wright;2021;1
279;Deni Avdija;2021;1
280;Dennis Schroder;2019;2
281;Dennis Schroder;2021;0
282;Denzel Valentine;2021;2
283;Derrick Favors;2019;1
284;Derrick Favors;2021;1
285;Derrick Rose;2019;2
286;Derrick Rose;2021;2
287;Derrick White;2019;1
288;Derrick White;2021;3
289;Desmond Bane;2021;0
290;Devin Booker;2019;3
291;Devin Booker;2021;3
292;Devin Vassell;2021;2
293;Devon Dotson;2021;4
294;Devontae Cacok;2021;2
295;Devonte' Graham;2019;2
296;Devonte' Graham;2021;1
297;Dillon Brooks;2019;2
298;Dillon Brooks;2021;1
299;Domantas Sabonis;2019;4
300;Domantas Sabonis;2021;1
301;Donovan Mitchell;2019;1
302;Donovan Mitchell;2021;1
303;Donte DiVincenzo;2019;2
304;Donte DiVincenzo;2021;1
305;Dorian Finney-Smith;2019;2
306;Dorian Finney-Smith;2021;1
307;Doug McDermott;2019;2
308;Doug McDermott;2021;2
309;Draymond Green;2019;1
310;Draymond Green;2021;1
311;Drew Eubanks;2019;2
312;Drew Eubanks;2021;2
313;Duncan Robinson;2019;4
314;Duncan Robinson;2021;1
315;Dwayne Bacon;2019;0
316;Dwayne Bacon;2021;0
317;Dwight Howard;2019;0
318;Dwight Howard;2021;4
319;Dwight Powell;2019;0
320;Dwight Powell;2021;0
321;Dylan Windler;2021;4
322;Ed Davis;2019;4
323;Ed Davis;2021;4
324;Edmond Sumner;2019;0
325;Edmond Sumner;2021;0
326;Elfrid Payton;2019;1
327;Elfrid Payton;2021;1
328;Enes Kanter;2019;0
329;Enes Kanter;2021;2
330;Eric Bledsoe;2019;1
331;Eric Bledsoe;2021;3
332;Eric Gordon;2019;3
333;Eric Gordon;2021;0
334;Eric Paschall;2021;0
335;Evan Fournier;2019;1
336;Evan Fournier;2021;3
337;Facundo Campazzo;2021;2
338;Frank Jackson;2019;0
339;Frank Jackson;2021;2
340;Frank Kaminsky;2019;0
341;Frank Kaminsky;2021;0
342;Fred VanVleet;2019;1
343;Fred VanVleet;2021;1
344;Furkan Korkmaz;2019;2
345;Furkan Korkmaz;2021;2
346;Gabe Vincent;2021;2
347;Garrett Temple;2019;3
348;Garrett Temple;2021;3
349;Garrison Mathews;2021;0
350;Gary Clark;2019;2
351;Gary Clark;2021;0
352;Gary Harris;2019;4
353;Gary Harris;2021;3
354;George Hill;2019;3
355;George Hill;2021;0
356;Georges Niang;2019;2
357;Georges Niang;2021;2
358;Giannis Antetokounmpo;2019;1
359;Giannis Antetokounmpo;2021;3
360;Goga Bitadze;2021;2
361;Goran Dragic;2019;2
362;Goran Dragic;2021;0
363;Gordon Hayward;2019;1
364;Gordon Hayward;2021;1
365;Gorgui Dieng;2019;4
366;Gorgui Dieng;2021;2
367;Grant Riller;2021;4
368;Grant Williams;2021;2
369;Grayson Allen;2019;2
370;Grayson Allen;2021;0
371;Hamidou Diallo;2019;2
372;Hamidou Diallo;2021;2
373;Harry Giles;2019;2
374;Harry Giles;2021;2
375;Hassan Whiteside;2019;1
376;Hassan Whiteside;2021;0
377;Ignas Brazdeikis;2021;4
378;Immanuel Quickley;2021;2
379;Isaac Bonga;2019;4
380;Isaac Bonga;2021;0
381;Isaac Okoro;2021;3
382;Isaiah Hartenstein;2019;2
383;Isaiah Hartenstein;2021;2
384;Isaiah Joe;2021;3
385;Isaiah Roby;2021;0
386;Isaiah Stewart;2021;0
387;Ish Smith;2019;2
388;Ish Smith;2021;0
389;Ivica Zubac;2019;1
390;Ivica Zubac;2021;0
391;Ja Morant;2021;3
392;JaMychal Green;2019;4
393;JaMychal Green;2021;4
394;JaVale McGee;2019;1
395;JaVale McGee;2021;2
396;Jabari Parker;2019;0
397;Jabari Parker;2021;0
398;Jaden McDaniels;2021;0
399;Jae Crowder;2019;4
400;Jae Crowder;2021;0
401;Jae'sean Tate;2021;0
402;Jahlil Okafor;2019;0
403;Jahlil Okafor;2021;2
404;Jahmi'us Ramsey;2021;0
405;Jake Layman;2019;0
406;Jake Layman;2021;2
407;Jakob Poeltl;2019;2
408;Jakob Poeltl;2021;0
409;Jalen Brunson;2019;1
410;Jalen Brunson;2021;2
411;Jalen Harris;2021;2
412;Jalen Lecque;2021;2
413;Jalen McDaniels;2021;0
414;Jamal Murray;2019;1
415;Jamal Murray;2021;3
416;James Ennis;2019;1
417;James Ennis;2021;3
418;James Harden;2019;3
419;James Harden;2021;3
420;James Johnson;2019;1
421;James Johnson;2021;2
422;James Wiseman;2021;0
423;Jared Dudley;2019;3
424;Jared Dudley;2021;4
425;Jared Harper;2021;4
426;Jarred Vanderbilt;2019;4
427;Jarred Vanderbilt;2021;0
428;Jarrell Brantley;2021;0
429;Jarrett Allen;2019;3
430;Jarrett Allen;2021;0
431;Jarrett Culver;2021;0
432;Javonte Green;2019;0
433;Javonte Green;2021;0
434;Jaylen Adams;2019;0
435;Jaylen Adams;2021;4
436;Jaylen Nowell;2021;2
437;Jayson Tatum;2019;1
438;Jayson Tatum;2021;3
439;Jeff Teague;2019;2
440;Jeff Teague;2021;0
441;Jerami Grant;2019;1
442;Jerami Grant;2021;1
443;Jeremy Lamb;2019;1
444;Jeremy Lamb;2021;0
445;Jerome Robinson;2019;2
446;Jerome Robinson;2021;0
447;Jevon Carter;2019;0
448;Jevon Carter;2021;2
449;Jimmy Butler;2019;3
450;Jimmy Butler;2021;1
451;Joe Harris;2019;3
452;Joe Harris;2021;1
453;Joe Ingles;2019;1
454;Joe Ingles;2021;2
455;Joel Embiid;2019;1
456;Joel Embiid;2021;0
457;John Collins;2019;3
458;John Collins;2021;3
459;John Konchar;2021;2
460;John Wall;2019;3
461;John Wall;2021;1
462;Jonas Valanciunas;2019;0
463;Jonas Valanciunas;2021;0
464;Jonathan Isaac;2019;1
465;Jonathan Isaac;2021;1
466;Jontay Porter;2021;4
467;Jordan Bone;2021;2
468;Jordan Clarkson;2019;2
469;Jordan Clarkson;2021;2
470;Jordan McLaughlin;2021;0
471;Jordan Nwora;2021;2
472;Jordan Poole;2021;2
473;Josh Hall;2021;0
474;Josh Hart;2019;3
475;Josh Hart;2021;1
476;Josh Okogie;2019;3
477;Josh Okogie;2021;0
478;Josh Richardson;2019;3
479;Josh Richardson;2021;1
480;Jrue Holiday;2019;3
481;Jrue Holiday;2021;1
482;Juan Toscano-Anderson;2021;0
483;Juancho Hernangomez;2019;2
484;Juancho Hernangomez;2021;2
485;Julius Randle;2019;0
486;Julius Randle;2021;3
487;Justin Holiday;2019;1
488;Justin Holiday;2021;2
489;Justin Jackson;2019;0
490;Justin Jackson;2021;2
491;Justin James;2021;2
492;Justise Winslow;2019;1
493;Justise Winslow;2021;2
494;Jusuf Nurkic;2019;1
495;Jusuf Nurkic;2021;3
496;Juwan Morgan;2021;4
497;KZ Okpala;2021;2
498;Karim Mane;2021;2
499;Karl-Anthony Towns;2019;0
500;Karl-Anthony Towns;2021;0
501;Kawhi Leonard;2019;4
502;Kawhi Leonard;2021;1
503;Keita Bates-Diop;2019;0
504;Keita Bates-Diop;2021;4
505;Keljin Blevins;2021;2
506;Kelly Olynyk;2019;2
507;Kelly Olynyk;2021;2
508;Kelly Oubre,;2019;0
509;Kelly Oubre,;2021;1
510;Kendrick Nunn;2021;1
511;Kent Bazemore;2019;2
512;Kent Bazemore;2021;2
513;Kentavious Caldwell-Pope;2019;0
514;Kentavious Caldwell-Pope;2021;1
515;Kevin Durant;2019;1
516;Kevin Durant;2021;3
517;Kevin Huerter;2019;3
518;Kevin Huerter;2021;1
519;Kevin Knox;2019;1
520;Kevin Knox;2021;2
521;Kevin Love;2019;1
522;Kevin Love;2021;0
523;Kevon Looney;2019;2
524;Kevon Looney;2021;0
525;Khem Birch;2019;4
526;Khem Birch;2021;2
527;Khris Middleton;2019;1
528;Khris Middleton;2021;3
529;Killian Hayes;2021;3
530;Kira Lewis,;2021;4
531;Klay Thompson;2019;1
532;Kostas Antetokounmpo;2019;0
533;Kostas Antetokounmpo;2021;4
534;Kris Dunn;2019;1
535;Kris Dunn;2021;2
536;Kristaps Porzingis;2021;1
537;Kyle Anderson;2019;1
538;Kyle Anderson;2021;0
539;Kyle Guy;2021;2
540;Kyle Kuzma;2019;1
541;Kyle Kuzma;2021;0
542;Kyle Lowry;2019;1
543;Kyle Lowry;2021;3
544;Kyrie Irving;2019;1
545;Kyrie Irving;2021;3
546;LaMarcus Aldridge;2019;1
547;LaMarcus Aldridge;2021;1
548;LaMelo Ball;2021;0
549;Landry Shamet;2019;0
550;Landry Shamet;2021;2
551;Langston Galloway;2019;2
552;Langston Galloway;2021;2
553;Lauri Markkanen;2019;0
554;Lauri Markkanen;2021;1
555;LeBron James;2019;1
556;LeBron James;2021;1
557;Lonnie Walker;2019;2
558;Lonnie Walker;2021;0
559;Lonzo Ball;2019;3
560;Lonzo Ball;2021;1
561;Luguentz Dort;2021;3
562;Luka Doncic;2019;3
563;Luka Doncic;2021;3
564;Luka Samanic;2021;4
565;Luke Kennard;2019;2
566;Luke Kennard;2021;1
567;Luke Kornet;2019;0
568;Luke Kornet;2021;2
569;Malachi Flynn;2021;0
570;Malcolm Brogdon;2019;3
571;Malcolm Brogdon;2021;1
572;Malik Beasley;2019;2
573;Malik Beasley;2021;0
574;Malik Monk;2019;2
575;Malik Monk;2021;2
576;Mamadi Diakite;2021;4
577;Marc Gasol;2019;2
578;Marc Gasol;2021;1
579;Marcus Smart;2019;1
580;Marcus Smart;2021;1
581;Markelle Fultz;2019;1
582;Markelle Fultz;2021;3
583;Marques Bolden;2021;4
584;Marquese Chriss;2019;2
585;Marquese Chriss;2021;2
586;Marvin Bagley;2019;2
587;Marvin Bagley;2021;1
588;Mason Plumlee;2019;0
589;Mason Plumlee;2021;3
590;Matisse Thybulle;2021;2
591;Matt Dellavedova;2019;2
592;Matt Dellavedova;2021;0
593;Maurice Harkless;2019;0
594;Maurice Harkless;2021;0
595;Max Strus;2021;2
596;Meyers Leonard;2019;4
597;Meyers Leonard;2021;1
598;Mfiondu Kabengele;2021;2
599;Michael Carter-Williams;2019;2
600;Michael Carter-Williams;2021;2
601;Michael Porter,;2021;0
602;Mikal Bridges;2019;1
603;Mikal Bridges;2021;1
604;Mike Conley;2019;1
605;Mike Conley;2021;3
606;Mike Muscala;2019;4
607;Mike Muscala;2021;4
608;Mike Scott;2019;2
609;Mike Scott;2021;4
610;Miles Bridges;2019;0
611;Miles Bridges;2021;1
612;Mitchell Robinson;2019;2
613;Mitchell Robinson;2021;2
614;Miye Oni;2021;4
615;Moe Wagner;2019;2
616;Moe Wagner;2021;2
617;Mohamed Bamba;2019;2
618;Mohamed Bamba;2021;2
619;Monte Morris;2019;2
620;Monte Morris;2021;2
621;Montrezl Harrell;2019;2
622;Montrezl Harrell;2021;2
623;Moses Brown;2021;2
624;Mychal Mulder;2021;2
625;Myles Turner;2019;1
626;Myles Turner;2021;3
627;Naji Marshall;2021;2
628;Nassir Little;2021;2
629;Nate Darling;2021;2
630;Nate Hinton;2021;4
631;Nathan Knight;2021;4
632;Naz Reid;2021;2
633;Nemanja Bjelica;2019;0
634;Nemanja Bjelica;2021;0
635;Nerlens Noel;2019;2
636;Nerlens Noel;2021;1
637;Nick Richards;2021;4
638;Nickeil Alexander-Walker;2021;2
639;Nico Mannion;2021;2
640;Nicolas Batum;2019;1
641;Nicolas Batum;2021;0
642;Nicolas Claxton;2021;4
643;Nicolo Melli;2021;4
644;Nikola Jokic;2019;3
645;Nikola Jokic;2021;0
646;Nikola Vucevic;2019;1
647;Nikola Vucevic;2021;1
648;Norman Powell;2019;0
649;Norman Powell;2021;1
650;Obi Toppin;2021;0
651;Ogugua Anunoby;2019;0
652;Ogugua Anunoby;2021;1
653;Onyeka Okongwu;2021;2
654;Otto Porter;2019;1
655;Otto Porter;2021;2
656;Pascal Siakam;2019;1
657;Pascal Siakam;2021;1
658;Pat Connaughton;2019;2
659;Pat Connaughton;2021;2
660;Patrick Beverley;2019;2
661;Patrick Beverley;2021;3
662;Patrick McCaw;2019;0
663;Patrick McCaw;2021;0
664;Patrick Patterson;2019;2
665;Patrick Patterson;2021;0
666;Patrick Williams;2021;3
667;Patty Mills;2019;1
668;Patty Mills;2021;1
669;Paul George;2019;3
670;Paul George;2021;3
671;Paul Millsap;2019;1
672;Paul Millsap;2021;1
673;Paul Watson;2021;4
674;Payton Pritchard;2021;2
675;Precious Achiuwa;2021;4
676;Quinn Cook;2019;0
677;Quinn Cook;2021;2
678;Quinndary Weatherspoon;2021;2
679;Rajon Rondo;2019;1
680;Rajon Rondo;2021;2
681;Raulzinho Neto;2019;0
682;Raulzinho Neto;2021;0
683;Reggie Bullock;2019;3
684;Reggie Bullock;2021;1
685;Reggie Jackson;2019;3
686;Reggie Jackson;2021;0
687;Reggie Perry;2021;2
688;Richaun Holmes;2019;2
689;Richaun Holmes;2021;3
690;Ricky Rubio;2019;1
691;Ricky Rubio;2021;1
692;Robert Covington;2019;1
693;Robert Covington;2021;3
694;Robert Woodard;2021;0
695;Robin Lopez;2019;2
696;Robin Lopez;2021;2
697;Rodions Kurucs;2019;0
698;Rodions Kurucs;2021;2
699;Rodney Hood;2019;0
700;Rodney Hood;2021;0
701;Rodney McGruder;2019;1
702;Rodney McGruder;2021;2
703;Romeo Langford;2021;2
704;Rudy Gay;2019;0
705;Rudy Gay;2021;4
706;Rudy Gobert;2019;1
707;Rudy Gobert;2021;1
708;Rui Hachimura;2021;3
709;Russell Westbrook;2019;3
710;Russell Westbrook;2021;3
711;Ryan Arcidiacono;2019;1
712;Ryan Arcidiacono;2021;2
713;Saben Lee;2021;2
714;Saddiq Bey;2021;0
715;Sam Merrill;2021;2
716;Sean McDermott;2021;2
717;Sekou Doumbouya;2021;0
718;Semi Ojeleye;2019;2
719;Semi Ojeleye;2021;2
720;Serge Ibaka;2019;0
721;Serge Ibaka;2021;2
722;Seth Curry;2019;0
723;Seth Curry;2021;3
724;Shai Gilgeous-Alexander;2019;3
725;Shai Gilgeous-Alexander;2021;3
726;Shake Milton;2019;0
727;Shake Milton;2021;0
728;Shaquille Harrison;2019;0
729;Shaquille Harrison;2021;2
730;Sindarius Thornwell;2019;0
731;Sindarius Thornwell;2021;2
732;Skylar Mays;2021;0
733;Solomon Hill;2019;2
734;Solomon Hill;2021;2
735;Spencer Dinwiddie;2019;0
736;Spencer Dinwiddie;2021;3
737;Stephen Curry;2019;3
738;Stephen Curry;2021;3
739;Steven Adams;2019;1
740;Steven Adams;2021;1
741;Svi Mykhailiuk;2019;0
742;Svi Mykhailiuk;2021;2
743;Tacko Fall;2021;4
744;Taj Gibson;2019;1
745;Taj Gibson;2021;0
746;Talen Horton-Tucker;2021;4
747;Terance Mann;2021;2
748;Terrance Ferguson;2019;3
749;Terrance Ferguson;2021;2
750;Terrence Ross;2019;2
751;Terrence Ross;2021;2
752;Terry Rozier;2019;2
753;Terry Rozier;2021;1
754;Thaddeus Young;2019;1
755;Thaddeus Young;2021;2
756;Thanasis Antetokounmpo;2021;2
757;Theo Maledon;2021;1
758;Theo Pinson;2019;2
759;Theo Pinson;2021;2
760;Thomas Bryant;2019;0
761;Thomas Bryant;2021;0
762;Timothe Luwawu-Cabarrot;2019;0
763;Timothe Luwawu-Cabarrot;2021;2
764;Tomas Satoransky;2019;1
765;Tomas Satoransky;2021;0
766;Tony Bradley;2021;4
767;Tony Snell;2019;4
768;Tony Snell;2021;1
769;Torrey Craig;2019;1
770;Torrey Craig;2021;2
771;Trae Young;2019;1
772;Trae Young;2021;3
773;Tre Jones;2021;2
774;Tremont Waters;2021;2
775;Trent Forrest;2021;2
776;Trevor Ariza;2019;1
777;Trevor Ariza;2021;0
778;Trey Burke;2019;0
779;Trey Burke;2021;0
780;Trey Lyles;2019;2
781;Trey Lyles;2021;1
782;Tristan Thompson;2019;3
783;Tristan Thompson;2021;1
784;Troy Brown,;2019;0
785;Troy Brown,;2021;2
786;Ty Jerome;2021;0
787;Ty-Shon Alexander;2021;4
788;Tyler Bey;2021;4
789;Tyler Herro;2021;2
790;Tyler Johnson;2019;0
791;Tyler Johnson;2021;2
792;Tyrell Terry;2021;4
793;Tyrese Haliburton;2021;0
794;Tyrese Maxey;2021;2
795;Tyus Jones;2019;0
796;Tyus Jones;2021;0
797;Udoka Azubuike;2021;4
798;Vernon Carey,;2021;2
799;Victor Oladipo;2019;1
800;Victor Oladipo;2021;3
801;Vincent Poirier;2021;4
802;Vlatko Cancar;2021;2
803;Wayne Ellington;2019;1
804;Wayne Ellington;2021;2
805;Wendell Carter,;2019;3
806;Wendell Carter,;2021;3
807;Wenyen Gabriel;2021;2
808;Wesley Iwundu;2019;2
809;Wesley Iwundu;2021;2
810;Will Barton;2019;3
811;Will Barton;2021;1
812;Willie Cauley-Stein;2019;1
813;Willie Cauley-Stein;2021;0
814;Willy Hernangomez;2019;2
815;Willy Hernangomez;2021;2
816;Xavier Tillman,;2021;2
817;Yuta Watanabe;2019;4
818;Yuta Watanabe;2021;2
819;Zach Collins;2019;4
820;Zach Collins;2021;4
821;Zach LaVine;2019;1
822;Zach LaVine;2021;1
823;Zeke Nnaji;2021;4
824;Zion Williamson;2021;3
